,ts,y,origin
0,1970-01-01,0.0,RW
1,1970-01-02,0.3861960085211673,RW
2,1970-01-03,0.815271075216542,RW
3,1970-01-04,0.49890066269368794,RW
4,1970-01-05,1.3898536521186409,RW
5,1970-01-06,1.2662324083325496,RW
6,1970-01-07,2.8251569843578723,RW
7,1970-01-08,3.9519939963691293,RW
8,1970-01-09,2.4279319437978195,RW
9,1970-01-10,2.9868068566478234,RW
10,1970-01-11,2.3616664733881807,RW
11,1970-01-12,0.4453824337616801,RW
12,1970-01-13,1.5381060221677576,RW
13,1970-01-14,1.858974414088018,RW
14,1970-01-15,2.516557250419739,RW
15,1970-01-16,1.0211970071425094,RW
16,1970-01-17,1.0818158007847472,RW
17,1970-01-18,0.20935042405998527,RW
18,1970-01-19,-1.5579946153334243,RW
19,1970-01-20,-0.18060615167666993,RW
20,1970-01-21,0.8739692446887593,RW
21,1970-01-22,-0.017893069806374284,RW
22,1970-01-23,0.7240402429879826,RW
23,1970-01-24,2.473138883757428,RW
24,1970-01-25,3.616372388744666,RW
25,1970-01-26,3.4284945805944775,RW
26,1970-01-27,3.1138347720688424,RW
27,1970-01-28,3.44982841011757,RW
28,1970-01-29,3.46114938824352,RW
29,1970-01-30,3.8780019039698987,RW
30,1970-01-31,3.472377694008067,RW
31,1970-02-01,4.234848101776044,RW
32,1970-02-02,4.931231295977052,RW
33,1970-02-03,5.3557187877892165,RW
34,1970-02-04,4.2929380260015835,RW
35,1970-02-05,4.605542970669826,RW
36,1970-02-06,4.3717694565650875,RW
37,1970-02-07,4.2786405545326165,RW
38,1970-02-08,4.3453028511597385,RW
39,1970-02-09,4.547156301858008,RW
40,1970-02-10,4.388543133731385,RW
41,1970-02-11,5.403924483011221,RW
42,1970-02-12,5.004202374938849,RW
43,1970-02-13,2.994737479267003,RW
44,1970-02-14,3.99530285834515,RW
45,1970-02-15,3.7956490078359404,RW
46,1970-02-16,4.513796554114318,RW
47,1970-02-17,5.346967803549375,RW
48,1970-02-18,3.446776691890274,RW
49,1970-02-19,4.999184376940673,RW
50,1970-02-20,3.8159053536434904,RW
51,1970-02-21,3.3358094494442883,RW
52,1970-02-22,3.4057183023223527,RW
53,1970-02-23,4.058025919591341,RW
54,1970-02-24,4.0421016624297605,RW
55,1970-02-25,4.059517218178545,RW
56,1970-02-26,3.487155605508556,RW
57,1970-02-27,4.961776852309499,RW
58,1970-02-28,5.292118553220174,RW
59,1970-03-01,4.1263055466481,RW
60,1970-03-02,4.3296488167055776,RW
61,1970-03-03,5.05063211767935,RW
62,1970-03-04,5.287988103633826,RW
63,1970-03-05,4.736479693375929,RW
64,1970-03-06,3.824652238455568,RW
65,1970-03-07,3.151553920373109,RW
66,1970-03-08,2.442757034480949,RW
67,1970-03-09,2.417806532602666,RW
68,1970-03-10,2.4482289958377623,RW
69,1970-03-11,3.2387947508409867,RW
70,1970-03-12,4.088619774588757,RW
71,1970-03-13,3.0986396540460137,RW
72,1970-03-14,3.0077385946628987,RW
73,1970-03-15,4.167976651263956,RW
74,1970-03-16,5.02834037167913,RW
75,1970-03-17,5.69112226719987,RW
76,1970-03-18,3.8341380661252535,RW
77,1970-03-19,5.675522866169793,RW
78,1970-03-20,3.9780288571418354,RW
79,1970-03-21,4.072889816553705,RW
80,1970-03-22,5.037820183960261,RW
81,1970-03-23,4.813071859613335,RW
82,1970-03-24,4.033263824402844,RW
83,1970-03-25,4.5342564368705265,RW
84,1970-03-26,3.3300289521155264,RW
85,1970-03-27,3.440254239280189,RW
86,1970-03-28,1.772010670592118,RW
87,1970-03-29,1.07195379282651,RW
88,1970-03-30,-0.24188580962038309,RW
89,1970-03-31,-2.1940957532495373,RW
90,1970-04-01,-3.8236249203243964,RW
91,1970-04-02,-4.081083044398066,RW
92,1970-04-03,-5.126457458462625,RW
93,1970-04-04,-5.535076101316191,RW
94,1970-04-05,-6.077071874878233,RW
95,1970-04-06,-6.359628821207218,RW
96,1970-04-07,-6.208568177135193,RW
97,1970-04-08,-6.7500003295384685,RW
98,1970-04-09,-7.872914616971174,RW
99,1970-04-10,-8.467568721138047,RW
100,1970-04-11,-6.275600225357299,RW
101,1970-04-12,-6.806147333324876,RW
102,1970-04-13,-6.934084371570601,RW
103,1970-04-14,-6.2349920598294055,RW
104,1970-04-15,-4.315909753485936,RW
105,1970-04-16,-4.1607057812874535,RW
106,1970-04-17,-5.183668150236756,RW
107,1970-04-18,-4.076730679731387,RW
108,1970-04-19,-3.9934262802394342,RW
109,1970-04-20,-4.204358364287114,RW
110,1970-04-21,-6.116851363530122,RW
111,1970-04-22,-5.627767533296343,RW
112,1970-04-23,-6.25828140610645,RW
113,1970-04-24,-3.7694694553627386,RW
114,1970-04-25,-4.849269277909607,RW
115,1970-04-26,-4.773192893831968,RW
116,1970-04-27,-5.290756760765858,RW
117,1970-04-28,-4.686751447078645,RW
118,1970-04-29,-1.5383733898989385,RW
119,1970-04-30,-1.5026497360623263,RW
120,1970-05-01,-1.0566749305100012,RW
121,1970-05-02,-1.2455540167979628,RW
122,1970-05-03,-0.7126030536554957,RW
123,1970-05-04,-1.652083501761087,RW
124,1970-05-05,-1.783874962663019,RW
125,1970-05-06,-1.853125575785247,RW
126,1970-05-07,-1.1575880759325288,RW
127,1970-05-08,-1.0241573800862878,RW
128,1970-05-09,-1.1196920314257208,RW
129,1970-05-10,-0.44763482568996127,RW
130,1970-05-11,-1.187128476471008,RW
131,1970-05-12,-0.9654712428483327,RW
132,1970-05-13,-2.157377736657549,RW
133,1970-05-14,-3.4783518522266426,RW
134,1970-05-15,-4.506649904314407,RW
135,1970-05-16,-5.4975710402411195,RW
136,1970-05-17,-4.473845594497796,RW
137,1970-05-18,-4.874271450545669,RW
138,1970-05-19,-4.026403791995841,RW
139,1970-05-20,-5.938652299161434,RW
140,1970-05-21,-6.377394700938792,RW
141,1970-05-22,-7.971856170885609,RW
142,1970-05-23,-7.402409001289175,RW
143,1970-05-24,-8.764132354927945,RW
144,1970-05-25,-6.455897097733408,RW
145,1970-05-26,-6.19767407075156,RW
146,1970-05-27,-5.992791123497107,RW
147,1970-05-28,-4.590523279207112,RW
148,1970-05-29,-3.492550622483643,RW
149,1970-05-30,-2.9591494641615497,RW
150,1970-05-31,-1.9451317739904068,RW
151,1970-06-01,-1.9579524436937028,RW
152,1970-06-02,-0.6993638422499129,RW
153,1970-06-03,-0.710016330131534,RW
154,1970-06-04,0.3558367916400106,RW
155,1970-06-05,-0.08069197395254879,RW
156,1970-06-06,-0.09615120571666874,RW
157,1970-06-07,0.16825882998568548,RW
158,1970-06-08,-0.004664967844484308,RW
159,1970-06-09,0.16502209634266032,RW
160,1970-06-10,0.6021000645276119,RW
161,1970-06-11,0.8181409920792012,RW
162,1970-06-12,0.3612366209824856,RW
163,1970-06-13,-0.8087668475763001,RW
164,1970-06-14,-0.7450851767772576,RW
165,1970-06-15,-1.4301523631943205,RW
166,1970-06-16,-0.7996588978955211,RW
167,1970-06-17,-2.4760044887807107,RW
168,1970-06-18,-3.614474416005943,RW
169,1970-06-19,-3.846176205043804,RW
170,1970-06-20,-2.915991998363837,RW
171,1970-06-21,-0.9998580882956243,RW
172,1970-06-22,-0.7024996890291317,RW
173,1970-06-23,-0.6289831512961797,RW
174,1970-06-24,1.6459300315280807,RW
175,1970-06-25,-0.023183130297079746,RW
176,1970-06-26,-0.4384184097861623,RW
177,1970-06-27,-0.9808244301990271,RW
178,1970-06-28,-0.356467109241678,RW
179,1970-06-29,0.3993588553929438,RW
180,1970-06-30,0.46354327034107623,RW
181,1970-07-01,-0.9509699419483952,RW
182,1970-07-02,-2.1258502585266097,RW
183,1970-07-03,-3.5107173517957606,RW
184,1970-07-04,-2.5786667411444473,RW
185,1970-07-05,-2.382757287211444,RW
186,1970-07-06,-3.700015103887856,RW
187,1970-07-07,-3.7779287134913386,RW
188,1970-07-08,-4.952391409610886,RW
189,1970-07-09,-6.372498428732125,RW
190,1970-07-10,-4.309825069103267,RW
191,1970-07-11,-2.8340698161110023,RW
192,1970-07-12,-2.01542158524082,RW
193,1970-07-13,-1.4552523512217774,RW
194,1970-07-14,0.04882536137012816,RW
195,1970-07-15,-0.3350870900533168,RW
196,1970-07-16,-0.36127391073763665,RW
197,1970-07-17,-0.027813151184421736,RW
198,1970-07-18,0.16795489985458503,RW
199,1970-07-19,-0.8577517646099477,RW
200,1970-07-20,2.2327906702914,RW
201,1970-07-21,4.387621381858743,RW
202,1970-07-22,3.0772059918672667,RW
203,1970-07-23,4.1029234602328994,RW
204,1970-07-24,4.267996755118973,RW
205,1970-07-25,5.463146303733215,RW
206,1970-07-26,5.3400652358306635,RW
207,1970-07-27,5.375594145916669,RW
208,1970-07-28,4.76488406586583,RW
209,1970-07-29,2.3264508775571056,RW
210,1970-07-30,2.50122042102633,RW
211,1970-07-31,1.9128578724206424,RW
212,1970-08-01,3.9042655564819633,RW
213,1970-08-02,2.6205273236477575,RW
214,1970-08-03,0.6302859325188419,RW
215,1970-08-04,0.31099018285258484,RW
216,1970-08-05,0.09722187382330849,RW
217,1970-08-06,-0.8680389895916714,RW
218,1970-08-07,-0.40121531941963356,RW
219,1970-08-08,-1.7852739977455616,RW
220,1970-08-09,-2.0211313020465465,RW
221,1970-08-10,0.30011658620390014,RW
222,1970-08-11,1.3033919754455319,RW
223,1970-08-12,1.2028483399130032,RW
224,1970-08-13,2.0154079783834686,RW
225,1970-08-14,2.8436653227298585,RW
226,1970-08-15,2.532690583699236,RW
227,1970-08-16,3.1095369264092203,RW
228,1970-08-17,5.147997804399887,RW
229,1970-08-18,4.299002202614974,RW
230,1970-08-19,3.9641880364349387,RW
231,1970-08-20,3.553154998558692,RW
232,1970-08-21,1.6883500627448302,RW
233,1970-08-22,2.192630785949513,RW
234,1970-08-23,2.273638848717765,RW
235,1970-08-24,1.4053253086789579,RW
236,1970-08-25,0.06407297989613725,RW
237,1970-08-26,-1.193886581550015,RW
238,1970-08-27,-0.8005683256187677,RW
239,1970-08-28,-0.21429940473452536,RW
240,1970-08-29,-0.6431703775473502,RW
241,1970-08-30,-1.2313771865475696,RW
242,1970-08-31,-2.6621061851830827,RW
243,1970-09-01,-2.1369951968613363,RW
244,1970-09-02,0.3134536600228368,RW
245,1970-09-03,0.25137117409494186,RW
246,1970-09-04,-0.9309309682671552,RW
247,1970-09-05,-0.5164595073996414,RW
248,1970-09-06,-1.6270541514162753,RW
249,1970-09-07,-1.7408910177813122,RW
250,1970-09-08,-2.0037464792429027,RW
251,1970-09-09,-1.4830293011201974,RW
252,1970-09-10,-2.9104801891932945,RW
253,1970-09-11,-2.5534056512556482,RW
254,1970-09-12,-2.1092383301171287,RW
255,1970-09-13,-3.4554035886190806,RW
256,1970-09-14,-4.506188802292387,RW
257,1970-09-15,-5.5835345436600345,RW
258,1970-09-16,-7.41428065400946,RW
259,1970-09-17,-8.575256732005919,RW
260,1970-09-18,-9.991972690581944,RW
261,1970-09-19,-11.121120847606326,RW
262,1970-09-20,-10.676722943811297,RW
263,1970-09-21,-9.295308292272484,RW
264,1970-09-22,-9.32766154397007,RW
265,1970-09-23,-9.054446056763767,RW
266,1970-09-24,-9.91488835729943,RW
267,1970-09-25,-7.955021442655012,RW
268,1970-09-26,-7.974845474030907,RW
269,1970-09-27,-8.674031033057398,RW
270,1970-09-28,-8.398642493533412,RW
271,1970-09-29,-7.80490620239771,RW
272,1970-09-30,-5.576461478003038,RW
273,1970-10-01,-4.606532770035689,RW
274,1970-10-02,-4.585509491416683,RW
275,1970-10-03,-4.65643648187558,RW
276,1970-10-04,-4.309914208749863,RW
277,1970-10-05,-5.142899717185862,RW
278,1970-10-06,-5.362832585279558,RW
279,1970-10-07,-5.305105496941531,RW
280,1970-10-08,-4.4648717613203805,RW
281,1970-10-09,-4.391231631674683,RW
282,1970-10-10,-4.317576514043421,RW
283,1970-10-11,-5.798679514874924,RW
284,1970-10-12,-7.0818236731244255,RW
285,1970-10-13,-7.6090732697999615,RW
286,1970-10-14,-8.887887361637437,RW
287,1970-10-15,-9.686358148351593,RW
288,1970-10-16,-7.757467326039643,RW
289,1970-10-17,-6.2193996113759,RW
290,1970-10-18,-7.771108542132347,RW
291,1970-10-19,-5.966055978450562,RW
292,1970-10-20,-4.679939260198984,RW
293,1970-10-21,-4.8600218024061075,RW
294,1970-10-22,-5.661015754355353,RW
295,1970-10-23,-5.187768673528636,RW
296,1970-10-24,-4.062879263109968,RW
297,1970-10-25,-2.962931049999846,RW
298,1970-10-26,-3.3000038176136592,RW
299,1970-10-27,-3.392508210770521,RW
300,1970-10-28,-3.0868835642453405,RW
301,1970-10-29,-4.718265080596469,RW
302,1970-10-30,-5.388031604779647,RW
303,1970-10-31,-5.090132656273245,RW
304,1970-11-01,-4.799227283406838,RW
305,1970-11-02,-3.784225524400715,RW
306,1970-11-03,-4.2422234407509745,RW
307,1970-11-04,-3.5231421418008404,RW
308,1970-11-05,-3.383565388053339,RW
309,1970-11-06,-1.1708881176492407,RW
310,1970-11-07,-1.3349629801966219,RW
311,1970-11-08,-0.5234988258030417,RW
312,1970-11-09,-0.00743863619995877,RW
313,1970-11-10,-1.05565753251467,RW
314,1970-11-11,-1.1665205943078434,RW
315,1970-11-12,-1.085252772586715,RW
316,1970-11-13,-2.170053842445362,RW
317,1970-11-14,-2.1314479710978134,RW
318,1970-11-15,-0.19344098242004315,RW
319,1970-11-16,1.2477075391035601,RW
320,1970-11-17,1.1684265480228135,RW
321,1970-11-18,1.6195371530639406,RW
322,1970-11-19,2.487337610200547,RW
323,1970-11-20,3.021710709946417,RW
324,1970-11-21,5.624955742756318,RW
325,1970-11-22,5.53288513429697,RW
326,1970-11-23,4.30521231781008,RW
327,1970-11-24,4.650244387603932,RW
328,1970-11-25,4.847405233719967,RW
329,1970-11-26,6.374613558071144,RW
330,1970-11-27,6.019313658654882,RW
331,1970-11-28,4.850785483043824,RW
332,1970-11-29,5.850602861364506,RW
333,1970-11-30,5.424563799305829,RW
334,1970-12-01,5.807369930010469,RW
335,1970-12-02,6.303908380631537,RW
336,1970-12-03,6.651599782873539,RW
337,1970-12-04,5.1182784703323465,RW
338,1970-12-05,4.590582215396643,RW
339,1970-12-06,4.610395967597028,RW
340,1970-12-07,6.765392488278771,RW
341,1970-12-08,5.500384597300207,RW
342,1970-12-09,5.051767676553749,RW
343,1970-12-10,5.489119393495243,RW
344,1970-12-11,4.102338089570473,RW
345,1970-12-12,4.277728869773498,RW
346,1970-12-13,3.385604177298882,RW
347,1970-12-14,3.2468540680423605,RW
348,1970-12-15,2.428340912167534,RW
349,1970-12-16,1.9457071292265504,RW
350,1970-12-17,0.12188796946636637,RW
351,1970-12-18,0.9081835624732364,RW
352,1970-12-19,1.9222100795394745,RW
353,1970-12-20,1.909941053804423,RW
354,1970-12-21,1.7958064544745982,RW
355,1970-12-22,2.1974986597306905,RW
356,1970-12-23,2.7633760531698277,RW
357,1970-12-24,3.700243992314228,RW
358,1970-12-25,1.9099643974308318,RW
359,1970-12-26,0.17082968485434602,RW
360,1970-12-27,-0.3431092543467066,RW
361,1970-12-28,0.07977669285885308,RW
362,1970-12-29,0.47409820981697615,RW
363,1970-12-30,1.7463715476325148,RW
364,1970-12-31,1.2740448226694914,RW
365,1971-01-01,1.1558139131782406,RW
366,1971-01-02,0.7569590622352509,RW
367,1971-01-03,0.799753793217141,RW
368,1971-01-04,2.5652434796804497,RW
369,1971-01-05,3.0798270151378104,RW
370,1971-01-06,2.3888360695992397,RW
371,1971-01-07,3.508695880656962,RW
372,1971-01-08,3.707480187096628,RW
373,1971-01-09,4.999771354987164,RW
374,1971-01-10,4.58672917813851,RW
375,1971-01-11,2.454846341644891,RW
376,1971-01-12,1.6393297404740148,RW
377,1971-01-13,1.0507420307091395,RW
378,1971-01-14,0.7900522857522778,RW
379,1971-01-15,-0.5789641516423611,RW
380,1971-01-16,-0.8997430822509991,RW
381,1971-01-17,-2.6832415215326155,RW
382,1971-01-18,-3.208913735364697,RW
383,1971-01-19,-1.462579925778578,RW
384,1971-01-20,-2.8128346228579595,RW
385,1971-01-21,-1.4055905359395893,RW
386,1971-01-22,-1.4014400290522429,RW
387,1971-01-23,-1.8080209190212932,RW
388,1971-01-24,-2.8101831044185532,RW
389,1971-01-25,-2.4563670654071226,RW
390,1971-01-26,-4.111296724551753,RW
391,1971-01-27,-4.619098315029165,RW
392,1971-01-28,-5.276099506725031,RW
393,1971-01-29,-5.455840918118753,RW
394,1971-01-30,-4.546411493811558,RW
395,1971-01-31,-4.814568944219759,RW
396,1971-02-01,-3.8084590742470716,RW
397,1971-02-02,-5.851136337266093,RW
398,1971-02-03,-5.887538334484623,RW
399,1971-02-04,-6.398576149499096,RW
400,1971-02-05,-9.901522354194416,RW
401,1971-02-06,-9.081074136429327,RW
402,1971-02-07,-9.150993082994722,RW
403,1971-02-08,-7.795839458681577,RW
404,1971-02-09,-7.764700168252883,RW
405,1971-02-10,-7.406399891679035,RW
406,1971-02-11,-8.148205938653932,RW
407,1971-02-12,-9.744308423590274,RW
408,1971-02-13,-11.063430806867185,RW
409,1971-02-14,-11.714888651480361,RW
410,1971-02-15,-11.717918824482961,RW
411,1971-02-16,-11.384941917440747,RW
412,1971-02-17,-10.437592091716311,RW
413,1971-02-18,-10.769660973121452,RW
414,1971-02-19,-9.423505061622523,RW
415,1971-02-20,-10.187700584701998,RW
416,1971-02-21,-8.979797809220798,RW
417,1971-02-22,-8.9472712869806,RW
418,1971-02-23,-9.509951902387852,RW
419,1971-02-24,-8.471385769042428,RW
420,1971-02-25,-8.288502603810931,RW
421,1971-02-26,-9.033452941676629,RW
422,1971-02-27,-8.471159765407304,RW
423,1971-02-28,-7.197136895925108,RW
424,1971-03-01,-7.775795831187532,RW
425,1971-03-02,-8.380255464119761,RW
426,1971-03-03,-8.180727897894533,RW
427,1971-03-04,-7.950918507879836,RW
428,1971-03-05,-6.656458113305035,RW
429,1971-03-06,-6.346592058155705,RW
430,1971-03-07,-7.703752741437949,RW
431,1971-03-08,-8.688753259924521,RW
432,1971-03-09,-9.690621552284151,RW
433,1971-03-10,-10.168364452361354,RW
434,1971-03-11,-9.939158044430137,RW
435,1971-03-12,-8.77274781147193,RW
436,1971-03-13,-7.212139090959649,RW
437,1971-03-14,-7.546259635713346,RW
438,1971-03-15,-9.897097182962407,RW
439,1971-03-16,-8.191859810173428,RW
440,1971-03-17,-6.395168075930313,RW
441,1971-03-18,-6.397433956250357,RW
442,1971-03-19,-5.256882066307265,RW
443,1971-03-20,-7.152676816726713,RW
444,1971-03-21,-6.883423641066988,RW
445,1971-03-22,-4.654485576470493,RW
446,1971-03-23,-4.821735217573105,RW
447,1971-03-24,-4.66411327758808,RW
448,1971-03-25,-4.074362090110858,RW
449,1971-03-26,-3.235846002067727,RW
450,1971-03-27,-4.180367115549087,RW
451,1971-03-28,-6.276422312866059,RW
452,1971-03-29,-6.425064375073383,RW
453,1971-03-30,-4.840345389532516,RW
454,1971-03-31,-3.9403487611227046,RW
455,1971-04-01,-3.9432128857189555,RW
456,1971-04-02,-3.042693766022076,RW
457,1971-04-03,-0.5542757003262269,RW
458,1971-04-04,-0.8864257878149949,RW
459,1971-04-05,-1.5458830536365944,RW
460,1971-04-06,-2.062767665523025,RW
461,1971-04-07,-1.0586296793986905,RW
462,1971-04-08,-0.5653538833402321,RW
463,1971-04-09,-2.0478261011761267,RW
464,1971-04-10,-2.7882618965801376,RW
465,1971-04-11,-3.360164132086015,RW
466,1971-04-12,-4.248380327413008,RW
467,1971-04-13,-4.120592550279781,RW
468,1971-04-14,-3.702139580683132,RW
469,1971-04-15,-4.921189741059536,RW
470,1971-04-16,-4.230968213422681,RW
471,1971-04-17,-3.9674037876639168,RW
472,1971-04-18,-3.8325239175458155,RW
473,1971-04-19,-4.083339522577391,RW
474,1971-04-20,-3.5730107923217007,RW
475,1971-04-21,-3.0475151320277933,RW
476,1971-04-22,-3.043491559772957,RW
477,1971-04-23,-3.0030879737338254,RW
478,1971-04-24,-1.871101001994697,RW
479,1971-04-25,-0.960018193741804,RW
480,1971-04-26,-1.6852957660322532,RW
481,1971-04-27,-2.6847526242706774,RW
482,1971-04-28,-1.4378114279251881,RW
483,1971-04-29,-1.8362330645137483,RW
484,1971-04-30,-3.0602225308507824,RW
485,1971-05-01,-3.3863156428622005,RW
486,1971-05-02,-4.76948852957456,RW
487,1971-05-03,-5.103066531078274,RW
488,1971-05-04,-5.520613264177499,RW
489,1971-05-05,-5.2079043287626,RW
490,1971-05-06,-7.182671836963595,RW
491,1971-05-07,-7.385901877679704,RW
492,1971-05-08,-8.113199915030885,RW
493,1971-05-09,-7.438143602168342,RW
494,1971-05-10,-8.27591229871744,RW
495,1971-05-11,-6.614030849735972,RW
496,1971-05-12,-8.163115480032378,RW
497,1971-05-13,-6.203741281128101,RW
498,1971-05-14,-5.622091967673438,RW
499,1971-05-15,-5.408247971336482,RW
500,1971-05-16,-4.206000400236708,RW
501,1971-05-17,-3.6353755400556156,RW
502,1971-05-18,-2.5318428604035574,RW
503,1971-05-19,-2.5224956347512926,RW
504,1971-05-20,-3.1183240746679526,RW
505,1971-05-21,-4.648986712545223,RW
506,1971-05-22,-3.831564072099432,RW
507,1971-05-23,-2.6917986575253243,RW
508,1971-05-24,-3.69942825673673,RW
509,1971-05-25,-4.976007107452227,RW
510,1971-05-26,-7.224472250180039,RW
511,1971-05-27,-7.160021439033364,RW
512,1971-05-28,-6.750472977033705,RW
513,1971-05-29,-7.985214438671041,RW
514,1971-05-30,-8.55820569958114,RW
515,1971-05-31,-6.670625404986674,RW
516,1971-06-01,-7.455765715256382,RW
517,1971-06-02,-7.721809005311478,RW
518,1971-06-03,-9.091505414470001,RW
519,1971-06-04,-8.18957370688376,RW
520,1971-06-05,-8.643441782523812,RW
521,1971-06-06,-8.929444030449165,RW
522,1971-06-07,-8.961211665820171,RW
523,1971-06-08,-9.496931654982932,RW
524,1971-06-09,-10.134325005592885,RW
525,1971-06-10,-10.47566394608616,RW
526,1971-06-11,-10.225659813521585,RW
527,1971-06-12,-10.891295691607036,RW
528,1971-06-13,-9.98713603923581,RW
529,1971-06-14,-9.549913943258572,RW
530,1971-06-15,-10.706446859926091,RW
531,1971-06-16,-11.036866731498387,RW
532,1971-06-17,-7.563075115823398,RW
533,1971-06-18,-8.907045952567433,RW
534,1971-06-19,-7.6679620833813535,RW
535,1971-06-20,-8.121122059013514,RW
536,1971-06-21,-7.908111461942307,RW
537,1971-06-22,-8.857237404387815,RW
538,1971-06-23,-8.465548479396997,RW
539,1971-06-24,-8.471569291286679,RW
540,1971-06-25,-7.122592195580955,RW
541,1971-06-26,-7.562039000964863,RW
542,1971-06-27,-7.697788729888436,RW
543,1971-06-28,-7.76265311592132,RW
544,1971-06-29,-5.759757277696332,RW
545,1971-06-30,-4.8589134400930565,RW
546,1971-07-01,-6.177149004570849,RW
547,1971-07-02,-3.995464068542367,RW
548,1971-07-03,-4.549347849699156,RW
549,1971-07-04,-6.352963236368668,RW
550,1971-07-05,-5.548671542229687,RW
551,1971-07-06,-6.124458729274721,RW
552,1971-07-07,-6.39548683753826,RW
553,1971-07-08,-6.702127184409576,RW
554,1971-07-09,-6.6752965281105805,RW
555,1971-07-10,-8.098796210058786,RW
556,1971-07-11,-6.666382899073312,RW
557,1971-07-12,-6.416296931494463,RW
558,1971-07-13,-6.045090472029259,RW
559,1971-07-14,-6.180937476467241,RW
560,1971-07-15,-6.440984588583458,RW
561,1971-07-16,-5.375731896873763,RW
562,1971-07-17,-5.235501298005549,RW
563,1971-07-18,-5.03863969707046,RW
564,1971-07-19,-4.591707600768224,RW
565,1971-07-20,-5.022025895144489,RW
566,1971-07-21,-4.905822742014155,RW
567,1971-07-22,-6.059527764992442,RW
568,1971-07-23,-4.750397941009363,RW
569,1971-07-24,-8.047275137930589,RW
570,1971-07-25,-8.490874600750324,RW
571,1971-07-26,-7.817542583277348,RW
572,1971-07-27,-8.602889115011141,RW
573,1971-07-28,-9.184601556624456,RW
574,1971-07-29,-7.836514924010908,RW
575,1971-07-30,-8.842683608868116,RW
576,1971-07-31,-9.665654676935638,RW
577,1971-08-01,-10.74243205593678,RW
578,1971-08-02,-10.959458410293275,RW
579,1971-08-03,-10.12485272814642,RW
580,1971-08-04,-10.817253196014027,RW
581,1971-08-05,-9.893691107209586,RW
582,1971-08-06,-8.93774957500478,RW
583,1971-08-07,-10.71891909705818,RW
584,1971-08-08,-9.427006288495846,RW
585,1971-08-09,-10.087305785838195,RW
586,1971-08-10,-9.906469317925845,RW
587,1971-08-11,-10.44027465732709,RW
588,1971-08-12,-10.94183160264506,RW
589,1971-08-13,-10.156831292039621,RW
590,1971-08-14,-10.622703791557175,RW
591,1971-08-15,-9.50023918792063,RW
592,1971-08-16,-8.227338892120008,RW
593,1971-08-17,-8.827255837002799,RW
594,1971-08-18,-8.557468544564262,RW
595,1971-08-19,-7.9664172346173725,RW
596,1971-08-20,-7.506950278951756,RW
597,1971-08-21,-6.21634897788182,RW
598,1971-08-22,-4.736595634059149,RW
599,1971-08-23,-4.430236595562996,RW
600,1971-08-24,-3.187512620394747,RW
601,1971-08-25,-3.8568429397761066,RW
602,1971-08-26,-4.837060188441768,RW
603,1971-08-27,-3.1447133655914894,RW
604,1971-08-28,-3.7814420897391137,RW
605,1971-08-29,-4.860543349611124,RW
606,1971-08-30,-3.7670092905365946,RW
607,1971-08-31,-4.109274597520683,RW
608,1971-09-01,-5.047792962774643,RW
609,1971-09-02,-4.493972772713841,RW
610,1971-09-03,-5.771248216653553,RW
611,1971-09-04,-6.763739957680332,RW
612,1971-09-05,-6.595419606056805,RW
613,1971-09-06,-7.700800743780258,RW
614,1971-09-07,-9.504621163860456,RW
615,1971-09-08,-7.874711555575842,RW
616,1971-09-09,-8.960107367006906,RW
617,1971-09-10,-9.687527236587037,RW
618,1971-09-11,-10.33849533765217,RW
619,1971-09-12,-10.702234788112406,RW
620,1971-09-13,-11.184429223652858,RW
621,1971-09-14,-10.707537589315086,RW
622,1971-09-15,-10.79569059772272,RW
623,1971-09-16,-10.087085725185592,RW
624,1971-09-17,-10.02407993499592,RW
625,1971-09-18,-10.18964807421773,RW
626,1971-09-19,-10.021354493529424,RW
627,1971-09-20,-10.08712321088882,RW
628,1971-09-21,-10.905430155190794,RW
629,1971-09-22,-11.328464691908254,RW
630,1971-09-23,-12.669855100007144,RW
631,1971-09-24,-12.498190982814151,RW
632,1971-09-25,-13.280849055926854,RW
633,1971-09-26,-13.066879174548156,RW
634,1971-09-27,-12.77499209897688,RW
635,1971-09-28,-13.512009760253992,RW
636,1971-09-29,-11.856156911555491,RW
637,1971-09-30,-12.067764679876154,RW
638,1971-10-01,-12.90498432262648,RW
639,1971-10-02,-13.126251864308774,RW
640,1971-10-03,-13.610731804398062,RW
641,1971-10-04,-13.48728328989007,RW
642,1971-10-05,-13.47525698264207,RW
643,1971-10-06,-13.286630412127334,RW
644,1971-10-07,-13.446675712966213,RW
645,1971-10-08,-14.207786876572086,RW
646,1971-10-09,-13.210635878964949,RW
647,1971-10-10,-14.913074609495366,RW
648,1971-10-11,-13.890034209758385,RW
649,1971-10-12,-14.107870938802408,RW
650,1971-10-13,-14.035182751917059,RW
651,1971-10-14,-12.86816366948529,RW
652,1971-10-15,-14.875460735494393,RW
653,1971-10-16,-15.268193996202504,RW
654,1971-10-17,-15.372994715723927,RW
655,1971-10-18,-15.709354819786048,RW
656,1971-10-19,-15.423431579687087,RW
657,1971-10-20,-15.39242798847313,RW
658,1971-10-21,-15.206389847854645,RW
659,1971-10-22,-15.490775197399905,RW
660,1971-10-23,-16.184112612499682,RW
661,1971-10-24,-14.450114834380676,RW
662,1971-10-25,-13.091407858914177,RW
663,1971-10-26,-13.214930516555908,RW
664,1971-10-27,-12.29442337742521,RW
665,1971-10-28,-14.423459693525459,RW
666,1971-10-29,-14.657156244395996,RW
667,1971-10-30,-14.130029023840503,RW
668,1971-10-31,-14.791899563325124,RW
669,1971-11-01,-12.838218309916728,RW
670,1971-11-02,-14.100738579347265,RW
671,1971-11-03,-12.945968148525115,RW
672,1971-11-04,-12.081318631911694,RW
673,1971-11-05,-11.121930063224662,RW
674,1971-11-06,-10.876300717418008,RW
675,1971-11-07,-10.453518918149943,RW
676,1971-11-08,-9.801426091142908,RW
677,1971-11-09,-8.39245529924585,RW
678,1971-11-10,-9.16927828791498,RW
679,1971-11-11,-8.85282023975422,RW
680,1971-11-12,-8.759442169979408,RW
681,1971-11-13,-8.708452545366969,RW
682,1971-11-14,-8.225145642856432,RW
683,1971-11-15,-9.001379205260438,RW
684,1971-11-16,-9.299019903570137,RW
685,1971-11-17,-7.8585958721205,RW
686,1971-11-18,-9.143567624773024,RW
687,1971-11-19,-8.825121272363694,RW
688,1971-11-20,-7.779981368111698,RW
689,1971-11-21,-6.518287753624183,RW
690,1971-11-22,-5.847583243637602,RW
691,1971-11-23,-6.595500049996767,RW
692,1971-11-24,-5.830985369718401,RW
693,1971-11-25,-5.62820439899464,RW
694,1971-11-26,-6.129224864230274,RW
695,1971-11-27,-4.056128024554926,RW
696,1971-11-28,-3.2776607780434204,RW
697,1971-11-29,-2.740003721890531,RW
698,1971-11-30,-2.337751902739421,RW
699,1971-12-01,-2.1306334584916695,RW
700,1971-12-02,-1.9045585541828138,RW
701,1971-12-03,-3.068019476275734,RW
702,1971-12-04,-4.2042632293100795,RW
703,1971-12-05,-5.368218134105497,RW
704,1971-12-06,-6.204830716860551,RW
705,1971-12-07,-7.553766910099879,RW
706,1971-12-08,-8.588897591364649,RW
707,1971-12-09,-9.049223703038457,RW
708,1971-12-10,-9.563332622588264,RW
709,1971-12-11,-9.99167439849349,RW
710,1971-12-12,-8.021357265091616,RW
711,1971-12-13,-8.502785216815237,RW
712,1971-12-14,-7.586239836654064,RW
713,1971-12-15,-7.456718012552931,RW
714,1971-12-16,-7.401669944523857,RW
715,1971-12-17,-7.044924304309693,RW
716,1971-12-18,-5.527395858888247,RW
717,1971-12-19,-5.365003579637711,RW
718,1971-12-20,-4.384776122201627,RW
719,1971-12-21,-4.405520708041478,RW
720,1971-12-22,-4.8458739722427,RW
721,1971-12-23,-6.955644766195341,RW
722,1971-12-24,-8.427935232530821,RW
723,1971-12-25,-8.468885136616107,RW
724,1971-12-26,-9.55864530950476,RW
725,1971-12-27,-10.259344517521017,RW
726,1971-12-28,-9.721188670593897,RW
727,1971-12-29,-9.928124566184255,RW
728,1971-12-30,-10.531473277173228,RW
729,1971-12-31,-11.656782720179871,RW
730,1972-01-01,-11.43097827075539,RW
731,1972-01-02,-9.953440582195968,RW
732,1972-01-03,-11.151602678790402,RW
733,1972-01-04,-11.021258808475991,RW
734,1972-01-05,-12.300411286419509,RW
735,1972-01-06,-13.328630105234698,RW
736,1972-01-07,-12.784244529440992,RW
737,1972-01-08,-13.783745010092256,RW
738,1972-01-09,-13.304936469554146,RW
739,1972-01-10,-12.916773266035241,RW
740,1972-01-11,-12.221971137949442,RW
741,1972-01-12,-11.467486771617775,RW
742,1972-01-13,-10.80040189482154,RW
743,1972-01-14,-8.510836565095179,RW
744,1972-01-15,-9.203690431716126,RW
745,1972-01-16,-9.21411293397395,RW
746,1972-01-17,-10.026603305238037,RW
747,1972-01-18,-9.892301848836992,RW
748,1972-01-19,-11.292630575327776,RW
749,1972-01-20,-11.627790764538403,RW
750,1972-01-21,-11.738128718425932,RW
751,1972-01-22,-11.98230285477328,RW
752,1972-01-23,-11.769408667578652,RW
753,1972-01-24,-12.972616361555765,RW
754,1972-01-25,-12.494274911873832,RW
755,1972-01-26,-13.605370553525898,RW
756,1972-01-27,-13.371775230876521,RW
757,1972-01-28,-12.603520740475208,RW
758,1972-01-29,-12.755832069134195,RW
759,1972-01-30,-12.441253004407914,RW
760,1972-01-31,-13.4618857964717,RW
761,1972-02-01,-14.345046779152591,RW
762,1972-02-02,-13.78917713144487,RW
763,1972-02-03,-14.534907474936016,RW
764,1972-02-04,-14.82936800707682,RW
765,1972-02-05,-15.279819919934255,RW
766,1972-02-06,-15.341540307772654,RW
767,1972-02-07,-18.103529390552378,RW
768,1972-02-08,-19.842127539503053,RW
769,1972-02-09,-20.50222559058615,RW
770,1972-02-10,-21.48215506341073,RW
771,1972-02-11,-21.74823224197189,RW
772,1972-02-12,-21.692783580981175,RW
773,1972-02-13,-23.511924859625044,RW
774,1972-02-14,-21.95769758875043,RW
775,1972-02-15,-21.537554299150298,RW
776,1972-02-16,-21.397354439365948,RW
777,1972-02-17,-22.23006477100516,RW
778,1972-02-18,-23.907223171460352,RW
779,1972-02-19,-22.54100173909929,RW
780,1972-02-20,-23.571434423357978,RW
781,1972-02-21,-25.96120483254611,RW
782,1972-02-22,-26.18227392518823,RW
783,1972-02-23,-27.77364417058034,RW
784,1972-02-24,-29.539281018416055,RW
785,1972-02-25,-27.922966001563015,RW
786,1972-02-26,-27.669204429700066,RW
787,1972-02-27,-28.243530032605346,RW
788,1972-02-28,-26.559981528736742,RW
789,1972-02-29,-25.62848164935125,RW
790,1972-03-01,-25.12053874639625,RW
791,1972-03-02,-25.356062083036726,RW
792,1972-03-03,-25.8932807270013,RW
793,1972-03-04,-25.85374322114109,RW
794,1972-03-05,-25.2241308843345,RW
795,1972-03-06,-24.4076196662032,RW
796,1972-03-07,-25.66576050906115,RW
797,1972-03-08,-26.037962726873808,RW
798,1972-03-09,-25.393183148539133,RW
799,1972-03-10,-24.39752360138769,RW
800,1972-03-11,-25.80701736127769,RW
801,1972-03-12,-25.541602347193248,RW
802,1972-03-13,-25.02079368884578,RW
803,1972-03-14,-24.68312095541193,RW
804,1972-03-15,-23.19222676107041,RW
805,1972-03-16,-22.74960057562388,RW
806,1972-03-17,-22.658501714827548,RW
807,1972-03-18,-22.737182460375337,RW
808,1972-03-19,-22.93419952857682,RW
809,1972-03-20,-21.69903440517413,RW
810,1972-03-21,-20.66991444752327,RW
811,1972-03-22,-18.79140582188031,RW
812,1972-03-23,-19.302481494183418,RW
813,1972-03-24,-18.720991466743946,RW
814,1972-03-25,-19.068606793007053,RW
815,1972-03-26,-20.653286836122586,RW
816,1972-03-27,-20.441259542604453,RW
817,1972-03-28,-21.422004977924182,RW
818,1972-03-29,-21.27498277811658,RW
819,1972-03-30,-21.453717531760155,RW
820,1972-03-31,-19.95531504360955,RW
821,1972-04-01,-19.319118263596145,RW
822,1972-04-02,-20.297681392868174,RW
823,1972-04-03,-19.814789810471634,RW
824,1972-04-04,-19.703073263464223,RW
825,1972-04-05,-20.304207658912386,RW
826,1972-04-06,-19.165257656473532,RW
827,1972-04-07,-19.369748647990306,RW
828,1972-04-08,-19.887314584436808,RW
829,1972-04-09,-17.981381274829246,RW
830,1972-04-10,-17.446713006847705,RW
831,1972-04-11,-18.600095254842255,RW
832,1972-04-12,-20.765365090173823,RW
833,1972-04-13,-20.821031209105417,RW
834,1972-04-14,-22.44871297419245,RW
835,1972-04-15,-21.770618678738025,RW
836,1972-04-16,-23.639723970049772,RW
837,1972-04-17,-23.149121744105734,RW
838,1972-04-18,-24.719533658803044,RW
839,1972-04-19,-24.644526243019904,RW
840,1972-04-20,-23.97789324882558,RW
841,1972-04-21,-23.338953764983135,RW
842,1972-04-22,-22.60302908165278,RW
843,1972-04-23,-23.22234192097338,RW
844,1972-04-24,-23.14338937250475,RW
845,1972-04-25,-22.947429356814833,RW
846,1972-04-26,-21.92756830679068,RW
847,1972-04-27,-22.455562446094604,RW
848,1972-04-28,-21.187376076451184,RW
849,1972-04-29,-21.769532076975448,RW
850,1972-04-30,-19.47391215846606,RW
851,1972-05-01,-19.055521945477597,RW
852,1972-05-02,-17.808524557852795,RW
853,1972-05-03,-18.403954947101276,RW
854,1972-05-04,-18.99358543746231,RW
855,1972-05-05,-19.62495062474346,RW
856,1972-05-06,-19.931306987587476,RW
857,1972-05-07,-19.114964492105205,RW
858,1972-05-08,-18.878771844829195,RW
859,1972-05-09,-19.500391992714285,RW
860,1972-05-10,-18.862800741814787,RW
861,1972-05-11,-19.34581584610678,RW
862,1972-05-12,-19.82093469527724,RW
863,1972-05-13,-19.816114431137088,RW
864,1972-05-14,-20.983496652959477,RW
865,1972-05-15,-22.279805385519534,RW
866,1972-05-16,-20.905793609503696,RW
867,1972-05-17,-20.386122139822522,RW
868,1972-05-18,-20.61351904478485,RW
869,1972-05-19,-20.06945094381297,RW
870,1972-05-20,-19.398082856231696,RW
871,1972-05-21,-19.33351950668107,RW
872,1972-05-22,-18.24595852206614,RW
873,1972-05-23,-20.280998950103545,RW
874,1972-05-24,-21.68930240688834,RW
875,1972-05-25,-20.85202291894649,RW
876,1972-05-26,-20.28866803063403,RW
877,1972-05-27,-21.79664252311094,RW
878,1972-05-28,-21.273369824791843,RW
879,1972-05-29,-21.79089928426183,RW
880,1972-05-30,-22.89569658474,RW
881,1972-05-31,-21.591985545716838,RW
882,1972-06-01,-22.151336451514616,RW
883,1972-06-02,-22.35442396209339,RW
884,1972-06-03,-21.216210238867266,RW
885,1972-06-04,-21.588127116426648,RW
886,1972-06-05,-21.606120582880205,RW
887,1972-06-06,-21.77379752115702,RW
888,1972-06-07,-23.228481731555785,RW
889,1972-06-08,-22.03949279953682,RW
890,1972-06-09,-21.65165539864256,RW
891,1972-06-10,-20.59982044861672,RW
892,1972-06-11,-21.060228964120217,RW
893,1972-06-12,-21.390045081692783,RW
894,1972-06-13,-21.91325671108667,RW
895,1972-06-14,-21.198564871974654,RW
896,1972-06-15,-19.782079054989296,RW
897,1972-06-16,-19.19615159468739,RW
898,1972-06-17,-17.626046862783152,RW
899,1972-06-18,-16.26954323767718,RW
900,1972-06-19,-17.003444259529186,RW
901,1972-06-20,-19.0197421870937,RW
902,1972-06-21,-19.948232710961605,RW
903,1972-06-22,-20.120402920075648,RW
904,1972-06-23,-19.827185276919927,RW
905,1972-06-24,-20.392932427066626,RW
906,1972-06-25,-19.957677427616908,RW
907,1972-06-26,-20.228927490657586,RW
908,1972-06-27,-19.437875943033795,RW
909,1972-06-28,-18.802182541649188,RW
910,1972-06-29,-17.60031881792131,RW
911,1972-06-30,-19.49240656157334,RW
912,1972-07-01,-21.382910513678844,RW
913,1972-07-02,-21.68177408638863,RW
914,1972-07-03,-20.2906019766791,RW
915,1972-07-04,-19.465914336456553,RW
916,1972-07-05,-18.90033260473947,RW
917,1972-07-06,-18.791772124016784,RW
918,1972-07-07,-17.808515061053807,RW
919,1972-07-08,-20.3420328229042,RW
920,1972-07-09,-20.279008814219956,RW
921,1972-07-10,-21.216459368163967,RW
922,1972-07-11,-22.368801128917823,RW
923,1972-07-12,-22.230800203942497,RW
924,1972-07-13,-21.563686662473117,RW
925,1972-07-14,-21.81194958410273,RW
926,1972-07-15,-20.877518830299376,RW
927,1972-07-16,-18.256856980404226,RW
928,1972-07-17,-16.628522857558877,RW
929,1972-07-18,-16.09897116215424,RW
930,1972-07-19,-17.47052791486211,RW
931,1972-07-20,-17.211657286761522,RW
932,1972-07-21,-17.779354855140724,RW
933,1972-07-22,-17.54956684943184,RW
934,1972-07-23,-18.54381078663471,RW
935,1972-07-24,-19.26791052066278,RW
936,1972-07-25,-18.627297492948795,RW
937,1972-07-26,-18.617194482026335,RW
938,1972-07-27,-20.22922864409332,RW
939,1972-07-28,-20.60370537991034,RW
940,1972-07-29,-21.25043502715817,RW
941,1972-07-30,-22.10861020347725,RW
942,1972-07-31,-21.85654263349469,RW
943,1972-08-01,-21.237500784303656,RW
944,1972-08-02,-20.118989549606802,RW
945,1972-08-03,-19.48081561230241,RW
946,1972-08-04,-21.07663904316683,RW
947,1972-08-05,-21.749015254870567,RW
948,1972-08-06,-20.960424055764104,RW
949,1972-08-07,-21.42721634651373,RW
950,1972-08-08,-21.52060847009858,RW
951,1972-08-09,-22.3675754690681,RW
952,1972-08-10,-22.773457567624003,RW
953,1972-08-11,-23.40361689892368,RW
954,1972-08-12,-23.985944151218504,RW
955,1972-08-13,-23.13027988397879,RW
956,1972-08-14,-24.275658666674214,RW
957,1972-08-15,-22.793140524395135,RW
958,1972-08-16,-21.776797852793226,RW
959,1972-08-17,-23.21789639789,RW
960,1972-08-18,-23.847844938260558,RW
961,1972-08-19,-23.461542644179893,RW
962,1972-08-20,-24.342106136686763,RW
963,1972-08-21,-24.500104718402337,RW
964,1972-08-22,-26.009258453719873,RW
965,1972-08-23,-26.097602865092625,RW
966,1972-08-24,-26.698514078686806,RW
967,1972-08-25,-26.60942654761801,RW
968,1972-08-26,-27.53427467432423,RW
969,1972-08-27,-29.168793485274396,RW
970,1972-08-28,-29.849558668007585,RW
971,1972-08-29,-28.001991163657966,RW
972,1972-08-30,-28.272528358244006,RW
973,1972-08-31,-28.66394759607563,RW
974,1972-09-01,-28.67813955513152,RW
975,1972-09-02,-28.076719027537994,RW
976,1972-09-03,-28.037789523873837,RW
977,1972-09-04,-27.25567030735581,RW
978,1972-09-05,-26.697171986607202,RW
979,1972-09-06,-27.83677769476281,RW
980,1972-09-07,-28.054742092882613,RW
981,1972-09-08,-28.93729805234169,RW
982,1972-09-09,-29.714219152098977,RW
983,1972-09-10,-29.900697823046276,RW
984,1972-09-11,-29.104208534880282,RW
985,1972-09-12,-29.496673616229586,RW
986,1972-09-13,-29.030007903227844,RW
987,1972-09-14,-27.3985722331779,RW
988,1972-09-15,-27.361777068632488,RW
989,1972-09-16,-28.273524064598586,RW
990,1972-09-17,-26.98286265505636,RW
991,1972-09-18,-27.69255743039108,RW
992,1972-09-19,-27.83293112546601,RW
993,1972-09-20,-26.148724014238514,RW
994,1972-09-21,-26.828869370427785,RW
995,1972-09-22,-26.917540323883447,RW
996,1972-09-23,-27.018507859468272,RW
997,1972-09-24,-25.907493788376875,RW
998,1972-09-25,-25.16828575844298,RW
999,1972-09-26,-25.011120705492797,RW
1000,1972-09-27,-24.975312829883226,RW
